{"cameraMode":{"drawMode":0,"name":"Shaded","section":"Shading Mode"},"sceneLighting":false,"audioPlay":false,"sceneViewState":{"m_AlwaysRefresh":false,"showFog":true,"showSkybox":false,"showFlares":true,"showImageEffects":true,"showParticleSystems":true,"showVisualEffectGraphs":true,"m_FxEnabled":true},"in2DMode":false,"pivot":{"x":15.030624389648438,"y":2.3178696632385256,"z":2.2455835342407228},"rotation":{"x":-0.08317284286022186,"y":0.8547160625457764,"z":-0.14377959072589875,"w":-0.49256592988967898},"size":9.081476211547852,"orthographic":false}