{"cameraMode":{"drawMode":0,"name":"Shaded","section":"Shading Mode"},"sceneLighting":false,"audioPlay":false,"sceneViewState":{"m_AlwaysRefresh":false,"showFog":true,"showSkybox":false,"showFlares":true,"showImageEffects":true,"showParticleSystems":true,"showVisualEffectGraphs":true,"m_FxEnabled":true},"in2DMode":false,"pivot":{"x":7.416592121124268,"y":1.3591591119766236,"z":4.495347499847412},"rotation":{"x":-0.011487343348562718,"y":0.7905756235122681,"z":-0.014274559915065766,"w":-0.6127329468727112},"size":10.591732025146485,"orthographic":false}