{"cameraMode":{"drawMode":0,"name":"Shaded","section":"Shading Mode"},"sceneLighting":false,"audioPlay":false,"sceneViewState":{"m_AlwaysRefresh":false,"showFog":true,"showSkybox":false,"showFlares":true,"showImageEffects":true,"showParticleSystems":true,"showVisualEffectGraphs":true,"m_FxEnabled":true},"in2DMode":false,"pivot":{"x":-2.7033424377441408,"y":0.20953473448753358,"z":-3.5460472106933595},"rotation":{"x":0.15765468776226045,"y":0.6907522678375244,"z":-0.15832693874835969,"w":0.6878621578216553},"size":0.6453088521957398,"orthographic":false}